attribute,chi2,p_value,dof,cramers_v,significant_at_0_05,note
canton,480.12067346261637,1.3228955783361303e-72,48,0.1460971883208386,True,
school_type,37.87750913833098,0.00016080335285455772,12,0.04103527615312072,True,
education_level,27.20458155733685,0.001293808329492281,9,0.034776644811318,True,
gender,10.198182491578136,0.3346808627637379,9,0.02129256806421407,False,
